mssg_doc_id,filename
4353016727,CAT_GMMUSIB_PO_5500083522_20140004643584.xml_4353016727
4353016726,WECONNOR_WSI_QA_201405160058.txt.pgp.plain_73.xml_4353016726
4353016725,ci1400177125413.3901038@ebitnode94_te_301_4353016725
4353016724,418967361_0001_SO.xml_4353016724
4353016723,CAT_GMMUSIB_PO_5500083522_20140004643583.xml_4353016723
4353016722,ASN_20140515110929591.xml_4353016722
4353016721,CAT_GMMUSIB_PO_5500083522_20140004643582.xml_4353016721
4353016720,WECONNOR_WSI_QA_201405160058.txt.pgp.plain_72.xml_4353016720
4353016719,ci1400177125121.3901007@ebitnode94_te_301_4353016719
4353016718,418967360_0001_SO.xml_4353016718
4353016717,418928557_0001_PO.xml_4353016717
4353016716,ASN_20140515110928251.xml_4353016716
4353016715,CAT_GMMUSIB_PO_5500083522_20140004643581.xml_4353016715
4353016714,418955568_0001_PO.xml_4353016714
4353016713,WECONNOR_WSI_QA_201405160058.txt.pgp.plain_71.xml_4353016713
4353016712,ci1400177125027.3900998@ebitnode94_te_301_4353016712
4353016711,418921891_0001_SO.xml_4353016711
4353016710,CAT_GMMUSIB_PO_5500083522_20140004643580.xml_4353016710
4353016709,418961488_0001_PO.xml_4353016709
4353016708,ASN_20140515110924971.xml_4353016708
4353016707,WECONNOR_WSI_QA_201405160058.txt.pgp.plain_70.xml_4353016707
4353016706,ci1400177124805.4900749@ebitnode93_te_301_4353016706
4353016705,CAT_GMMUSIB_PO_5500083522_20140004643579.xml_4353016705
4353016704,418729670_0001_SO.xml_4353016704
4353016703,CAT_GMMUSIB_PO_5500083522_20140004643578.xml_4353016703
4353016702,WECONNOR_WSI_QA_201405160058.txt.pgp.plain_69.xml_4353016702
4353016701,ci1400177124704.4900741@ebitnode93_te_301_4353016701
4353016700,CAT_GMMUSIB_PO_5500083522_20140004643577.xml_4353016700
4353016699,WECONNOR_WSI_QA_201405160058.txt.pgp.plain_68.xml_4353016699
4353016698,CAT_GMMUSIB_PO_5500083522_20140004643576.xml_4353016698
4353016697,ci1400177124634.4900734@ebitnode93_te_301_4353016697
4353016696,PO_20140515_110927_2.xml_4353016696
4353016695,WECONNOR_WSI_QA_201405160058.txt.pgp.plain_67.xml_4353016695
4353016694,PO_20140515_110915_2.xml_4353016694
4353016693,CAT_GMMUSIB_PO_5500083522_20140004643575.xml_4353016693
4353016692,out_dzna_005150654.txt_4353016692
4353016691,MAERSKLINE.GTNEXUS.310.005825441.298309491961912356.edi_4353016691
4353016690,ci1400177124441.4900714@ebitnode93_te_301_4353016690
4353016689,PO_20140515_110906_2.xml_4353016689
4353016688,CAT_GMMUSIB_PO_5500083522_20140004643574.xml_4353016688
4353016687,WECONNOR_WSI_QA_201405160058.txt.pgp.plain_66.xml_4353016687
4353016686,CAT_GMMUSIB_PO_5500083522_20140004643573.xml_4353016686
4353016685,WECONNOR_WSI_QA_201405160058.txt.pgp.plain_65.xml_4353016685
4353016684,ci1400177126945.4625641@ebitnode92_te_301_4353016684
4353016683,CAT_GMMUSIB_PO_5500083522_20140004643572.xml_4353016683
4353016682,WECONNOR_WSI_QA_201405160058.txt.pgp.plain_64.xml_4353016682
4353016681,XML_163_1_20140515195335.XML_VILLANOVA_MS.xml_4353016681
4353016680,ci1400177125059.3901002@ebitnode94_te_301_4353016680
4353016679,CAT_GMMUSIB_PO_5500083522_20140004643571.xml_4353016679
4353016678,WECONNOR_WSI_QA_201405160058.txt.pgp.plain_63.xml_4353016678
